CREATE TABLE kiado (
    nev VARCHAR2(100) NOT NULL,
    iranyitoszam NUMBER(4),
    varos VARCHAR2(50),
    utca VARCHAR2(100),
    hazszam VARCHAR2(10),
    CONSTRAINT KIADO_PRIMARY_KEY PRIMARY KEY (nev)
);

CREATE TABLE konyvek (
    ISBN NUMBER(10) NOT NULL,
    cim VARCHAR2(100),
    kiadas NUMBER(4),
    kiadonev VARCHAR2(100) NOT NULL,
    oldalszam NUMBER(5),
    kotes VARCHAR2(20),
    meret VARCHAR2(50),
    ar NUMBER(10),
    CONSTRAINT KONYVEK_FOREIGN_KEY FOREIGN KEY (kiadonev) REFERENCES kiado(nev),
    CONSTRAINT KONYVEK_PRIMARY_KEY PRIMARY KEY (ISBN)
);

CREATE TABLE szerzok (
    nev VARCHAR2(50) NOT NULL,
    ISBN NUMBER (10) NOT NULL,
    CONSTRAINT SZERZOK_FOREIGN_KEY FOREIGN KEY (ISBN) REFERENCES konyvek(ISBN),
    CONSTRAINT SZERZOK_PRIMARY_KEY PRIMARY KEY (nev, ISBN)
);

CREATE TABLE mufajok (
    mufaj VARCHAR2(50) NOT NULL,
    ISBN NUMBER (10) NOT NULL,
    CONSTRAINT MUFAJ_FOREIGN_KEY FOREIGN KEY (ISBN) REFERENCES konyvek(ISBN),
    CONSTRAINT MUFAJ_PRIMARY_KEY PRIMARY KEY (mufaj, ISBN)
);

CREATE TABLE sorozat (
    nev VARCHAR2(100) NOT NULL,
    ISBN NUMBER (10) NOT NULL,
    CONSTRAINT SOROZAT_FOREIGN_KEY FOREIGN KEY (ISBN) REFERENCES konyvek(ISBN),
    CONSTRAINT SOROZAT_PRIMARY_KEY PRIMARY KEY (nev, ISBN)
);

CREATE TABLE aruhazak (
    azonosito NUMBER(10) NOT NULL,
    iranyitoszam NUMBER(4),
    varos VARCHAR2(50),
    utca VARCHAR2(100),
    hazszam VARCHAR2(10),
    nev VARCHAR2(50),
    CONSTRAINT ARUHAZAK_PRIMARY_KEY PRIMARY KEY (azonosito)
);

CREATE TABLE raktaron (
    ISBN NUMBER (10) NOT NULL,
    azonosito NUMBER(10) NOT NULL,
    darabszam NUMBER(5),
    CONSTRAINT RAKTARON_FOREIGN_KEY_ISBN FOREIGN KEY (ISBN) REFERENCES konyvek(ISBN),
    CONSTRAINT RAKTARON_FOREIGN_KEY_AZONOSITO FOREIGN KEY (azonosito) REFERENCES aruhazak(azonosito),
    CONSTRAINT RAKTARON_PRIMARY_KEY PRIMARY KEY (ISBN, azonosito)
);

CREATE TABLE kuponok (
    kod VARCHAR2(10) NOT NULL,
    kedvezmeny NUMBER(3),
    mufaj VARCHAR(50) NOT NULL,
    --CONSTRAINT KUPONOK_FOREIGN_KEY FOREIGN KEY (mufaj) REFERENCES mufajok(mufaj),
    CONSTRAINT KUPONOK_PRIMARY_KEY PRIMARY KEY (kod)
);

CREATE TABLE felhasznalok (
    vezeteknev VARCHAR2(50),
    keresztnev VARCHAR2(50),
    jelszo VARCHAR2(100),
    email VARCHAR2(100) NOT NULL,
    iranyitoszam NUMBER(4),
    varos VARCHAR2(50),
    utca VARCHAR2(100),
    hazszam VARCHAR2(10),
    szuldatum DATE,
    admin NUMBER(1),
    CONSTRAINT FELHASZNALOK_PRIMARY_KEY PRIMARY KEY(email)
);

CREATE TABLE rendelesek (
    email VARCHAR2(100) NOT NULL,
    ISBN NUMBER(10) NOT NULL,
    darabszam NUMBER(5),
    atv_helyszin VARCHAR2(100),
    rendeles_ideje DATE,
    atvetel_ideje DATE,
    subtotal NUMBER(8),
    CONSTRAINT RENDELESEK_FOREIGN_KEY_EMAIL FOREIGN KEY (email) REFERENCES felhasznalok(email),
    CONSTRAINT RENDELESEK_FOREIGN_KEY_ISBN FOREIGN KEY (ISBN) REFERENCES konyvek(ISBN),
    CONSTRAINT RENDELESEK_PRIMARY_KEY PRIMARY KEY (email, ISBN, rendeles_ideje)
);

CREATE OR REPLACE FUNCTION get_similar (i_isbn IN KONYVEK.ISBN%TYPE) RETURN NUMBER IS
    v_sorozat_nev SOROZAT.NEV%TYPE;
    v_count NUMBER := 0;
    CURSOR sorozatok IS SELECT KONYVEK.ISBN AS id, nev FROM KONYVEK, SOROZAT WHERE KONYVEK.ISBN = SOROZAT.ISBN AND KONYVEK.ISBN != i_isbn;
    CURSOR mufajok IS SELECT KONYVEK.ISBN AS id, mufaj FROM KONYVEK, MUFAJOK WHERE KONYVEK.ISBN = MUFAJOK.ISBN AND KONYVEK.ISBN != i_isbn;
    CURSOR mufaj IS SELECT mufaj FROM MUFAJOK WHERE ISBN = i_isbn;
BEGIN
    SELECT COUNT(*) INTO v_count FROM SOROZAT WHERE ISBN = i_isbn;
    IF v_count != 0 THEN
        SELECT NEV INTO v_sorozat_nev FROM SOROZAT WHERE ISBN = i_isbn;
    ELSE
        v_sorozat_nev := ' ';
    END IF;
    FOR s IN sorozatok LOOP
        IF v_sorozat_nev = s.nev THEN
            RETURN s.id;
        END IF;
    END LOOP;
    FOR m IN mufajok LOOP
        FOR mm IN mufaj LOOP
            IF m.mufaj = mm.mufaj THEN
                RETURN m.id;
            END IF;
        END LOOP;
    END LOOP;
    RETURN -1;
EXCEPTION
    WHEN NO_DATA_FOUND THEN
        RETURN -1;
END get_similar;
/

CREATE OR REPLACE FUNCTION get_sales_per_series (v_ser IN SOROZAT.NEV%TYPE) RETURN NUMBER IS
    v_sum NUMBER;
BEGIN
    SELECT SUM(RENDELESEK.DARABSZAM) INTO v_sum FROM SOROZAT, RENDELESEK WHERE SOROZAT.ISBN = RENDELESEK.ISBN AND SOROZAT.NEV = v_ser;
    RETURN v_sum;
END;
/

CREATE OR REPLACE FUNCTION income (honap NUMBER) RETURN NUMBER IS
    osszeg NUMBER;
BEGIN
    SELECT SUM(subtotal) INTO osszeg FROM RENDELESEK WHERE EXTRACT(YEAR FROM rendeles_ideje)=EXTRACT(YEAR FROM CURRENT_DATE) AND EXTRACT(MONTH FROM rendeles_ideje)=honap;
    RETURN osszeg;
END income;
/

CREATE OR REPLACE TRIGGER admin_delete
BEFORE DELETE ON FELHASZNALOK
FOR EACH ROW
BEGIN
    IF :OLD.ADMIN = 1 THEN
        RAISE_APPLICATION_ERROR(-20111, 'Adminisztrátort nem lehet törölni!');
    END IF;
END;
/


CREATE OR REPLACE TRIGGER restrict_work
BEFORE DELETE OR INSERT OR UPDATE
ON KONYVEK
BEGIN
     IF TO_CHAR(SYSDATE, 'HH24:MI') < '06:00' OR TO_CHAR(SYSDATE, 'HH24:MI') > '22:00' THEN  
          RAISE_APPLICATION_ERROR(-20111, 'Csak munkaidoben szabad a konyvek felvetele!');
      END IF;
END;



INSERT INTO TEST.FELHASZNALOK (VEZETEKNEV, KERESZTNEV, JELSZO, EMAIL, IRANYITOSZAM, VAROS, UTCA, HAZSZAM, SZULDATUM, ADMIN) VALUES ('Admin', 'József', '131511995820329655865118143426423032641', 'admin', 1234, 'Nagy Város', 'Hosszú utca', '6', TO_DATE('1990-04-11 00:00:00', 'YYYY-MM-DD HH24:MI:SS'), 1);
INSERT INTO TEST.FELHASZNALOK (VEZETEKNEV, KERESZTNEV, JELSZO, EMAIL, IRANYITOSZAM, VAROS, UTCA, HAZSZAM, SZULDATUM, ADMIN) VALUES ('Figy', 'Elek', '244301443239109864799057794424623580084', 'figyelek@mail.hu', 6723, 'Szeged', 'Egyik utca', '8', TO_DATE('1988-05-11 00:00:00', 'YYYY-MM-DD HH24:MI:SS'), 0);
INSERT INTO TEST.FELHASZNALOK (VEZETEKNEV, KERESZTNEV, JELSZO, EMAIL, IRANYITOSZAM, VAROS, UTCA, HAZSZAM, SZULDATUM, ADMIN) VALUES ('Farkas', 'Piroska', '9420550549892221057106381871247022219', 'fpiroska@mail.hu', 4512, 'Alsóbögyörős-felső', 'Fő utca', '54', TO_DATE('1991-10-18 00:00:00', 'YYYY-MM-DD HH24:MI:SS'), 0);
INSERT INTO TEST.FELHASZNALOK (VEZETEKNEV, KERESZTNEV, JELSZO, EMAIL, IRANYITOSZAM, VAROS, UTCA, HAZSZAM, SZULDATUM, ADMIN) VALUES ('Kovács', 'Géza', '145596747920388633506774119700504426728', 'kgeza@mail.hu', 8745, 'Főváros', 'Fő utca', '36', TO_DATE('1972-05-12 00:00:00', 'YYYY-MM-DD HH24:MI:SS'), 0);
INSERT INTO TEST.FELHASZNALOK (VEZETEKNEV, KERESZTNEV, JELSZO, EMAIL, IRANYITOSZAM, VAROS, UTCA, HAZSZAM, SZULDATUM, ADMIN) VALUES ('Vég', 'Béla', '108969433777206929714955001420793769955', 'vegbela@mail.hu', 8585, 'Unalmas város', 'Unalmas utca', '8/u', TO_DATE('1986-02-05 00:00:00', 'YYYY-MM-DD HH24:MI:SS'), 0);
INSERT INTO TEST.FELHASZNALOK (VEZETEKNEV, KERESZTNEV, JELSZO, EMAIL, IRANYITOSZAM, VAROS, UTCA, HAZSZAM, SZULDATUM, ADMIN) VALUES ('Kövér', 'Mancika', '266733317097486779300876931733162300974', 'kmanci@mail.hu', 8585, 'Valami város', 'G Utca', '85', TO_DATE('1975-07-20 00:00:00', 'YYYY-MM-DD HH24:MI:SS'), 0);
INSERT INTO TEST.FELHASZNALOK (VEZETEKNEV, KERESZTNEV, JELSZO, EMAIL, IRANYITOSZAM, VAROS, UTCA, HAZSZAM, SZULDATUM, ADMIN) VALUES ('Bármi', 'Áron', '318466265839487522142680069682150545636', 'barmia@mail.hu', 1234, 'Város', 'Utca', 'Házszám', TO_DATE('1997-02-04 00:00:00', 'YYYY-MM-DD HH24:MI:SS'), 0);
INSERT INTO TEST.FELHASZNALOK (VEZETEKNEV, KERESZTNEV, JELSZO, EMAIL, IRANYITOSZAM, VAROS, UTCA, HAZSZAM, SZULDATUM, ADMIN) VALUES ('József', 'József', '270028823324638743778492077455911286611', 'jozsijozsi@mail.hu', 7412, 'A város', 'B utca', '2', TO_DATE('1985-12-16 00:00:00', 'YYYY-MM-DD HH24:MI:SS'), 0);
INSERT INTO TEST.FELHASZNALOK (VEZETEKNEV, KERESZTNEV, JELSZO, EMAIL, IRANYITOSZAM, VAROS, UTCA, HAZSZAM, SZULDATUM, ADMIN) VALUES ('Sándor', 'Sándor', '39704338435486621538030287016293352311', 'sanyika@mail.hu', 2584, 'Város', 'Utca', 'Házszám', TO_DATE('1994-06-27 00:00:00', 'YYYY-MM-DD HH24:MI:SS'), 0);
INSERT INTO TEST.FELHASZNALOK (VEZETEKNEV, KERESZTNEV, JELSZO, EMAIL, IRANYITOSZAM, VAROS, UTCA, HAZSZAM, SZULDATUM, ADMIN) VALUES ('Nagy', 'Ilona', '124647321443679800666322772403566640712', 'nagyilona@mail.hu', 1414, 'Kis város', 'Széles utca', '36', TO_DATE('1992-08-29 00:00:00', 'YYYY-MM-DD HH24:MI:SS'), 0);
INSERT INTO TEST.FELHASZNALOK (VEZETEKNEV, KERESZTNEV, JELSZO, EMAIL, IRANYITOSZAM, VAROS, UTCA, HAZSZAM, SZULDATUM, ADMIN) VALUES ('Ádám', 'Éva', '278864799867689097599158674103984686197', 'adameva@mail.hu', 3695, 'Egyik Város', 'Egyik Utca', '332', TO_DATE('1990-05-13 00:00:00', 'YYYY-MM-DD HH24:MI:SS'), 0);

INSERT INTO TEST.KIADO (NEV, IRANYITOSZAM, VAROS, UTCA, HAZSZAM) VALUES ('Kreatív Kft.', 4444, 'Nagy Város', 'Szép utca', '11/b');
INSERT INTO TEST.KIADO (NEV, IRANYITOSZAM, VAROS, UTCA, HAZSZAM) VALUES ('Józsi és Józsi Kft.', 6723, 'Szeged', 'Egyik utca', '5/a');
INSERT INTO TEST.KIADO (NEV, IRANYITOSZAM, VAROS, UTCA, HAZSZAM) VALUES ('Nagyon Hosszú Nevű Kiadó', 2535, 'Alsóbögyörős', 'Rövid utca', '2');
INSERT INTO TEST.KIADO (NEV, IRANYITOSZAM, VAROS, UTCA, HAZSZAM) VALUES ('Kis Kiadó', 1111, 'Mucsaröcsöge', 'Kis utca', '6');
INSERT INTO TEST.KIADO (NEV, IRANYITOSZAM, VAROS, UTCA, HAZSZAM) VALUES ('Ki Nem Adó', 3654, 'Kis Város', 'Széles utca', '7');
INSERT INTO TEST.KIADO (NEV, IRANYITOSZAM, VAROS, UTCA, HAZSZAM) VALUES ('Tóthék Kft.', 6723, 'Szeged', 'Másik utca', '3/c');
INSERT INTO TEST.KIADO (NEV, IRANYITOSZAM, VAROS, UTCA, HAZSZAM) VALUES ('Olvass Többet Zrt.', 5700, 'Gyula', 'Ferenczy Béni ', '5');
INSERT INTO TEST.KIADO (NEV, IRANYITOSZAM, VAROS, UTCA, HAZSZAM) VALUES ('Bestsellers Co.', 4020, 'New York', 'Wall Street', '87/d');
INSERT INTO TEST.KIADO (NEV, IRANYITOSZAM, VAROS, UTCA, HAZSZAM) VALUES ('Legjobbkönyvek Bt.', 4800, 'Geszt', '56-os', '56');
INSERT INTO TEST.KIADO (NEV, IRANYITOSZAM, VAROS, UTCA, HAZSZAM) VALUES ('Szendrei és Társa Bt.', 5711, 'Gyulavári', 'Újélet', '16');

INSERT INTO TEST.ARUHAZAK (AZONOSITO, IRANYITOSZAM, VAROS, UTCA, HAZSZAM, NEV) VALUES (1415151617, 6723, 'Szeged', 'Kő utca', '8', 'Nevenincs Könyvesbolt');
INSERT INTO TEST.ARUHAZAK (AZONOSITO, IRANYITOSZAM, VAROS, UTCA, HAZSZAM, NEV) VALUES (14141414, 2569, 'Alsóbögyörős', 'B utca', '2', 'Géza Boltja');
INSERT INTO TEST.ARUHAZAK (AZONOSITO, IRANYITOSZAM, VAROS, UTCA, HAZSZAM, NEV) VALUES (25252525, 4789, 'Egyik Város', 'A utca', '5/A', 'Kis Bolt');
INSERT INTO TEST.ARUHAZAK (AZONOSITO, IRANYITOSZAM, VAROS, UTCA, HAZSZAM, NEV) VALUES (654564, 7412, 'Kis Város', 'Fő utca', '8', 'Manci Néni Könyvesboltja');
INSERT INTO TEST.ARUHAZAK (AZONOSITO, IRANYITOSZAM, VAROS, UTCA, HAZSZAM, NEV) VALUES (741236985, 6523, 'Nagy Város', 'Hosszú utca', '7/d', 'Könyv & Könyv');

INSERT INTO TEST.KUPONOK (KOD, KEDVEZMENY, MUFAJ) VALUES ('DJW37HD9DP', 20, 'akció');
INSERT INTO TEST.KUPONOK (KOD, KEDVEZMENY, MUFAJ) VALUES ('VUR9E32MCR', 10, 'romantikus');
INSERT INTO TEST.KUPONOK (KOD, KEDVEZMENY, MUFAJ) VALUES ('IEMF342O', 50, 'horror');
INSERT INTO TEST.KUPONOK (KOD, KEDVEZMENY, MUFAJ) VALUES ('QM37Y0KI', 15, 'történelem');
INSERT INTO TEST.KUPONOK (KOD, KEDVEZMENY, MUFAJ) VALUES ('XY80QLM', 10, 'tankönyv');
INSERT INTO TEST.KUPONOK (KOD, KEDVEZMENY, MUFAJ) VALUES ('47DHW23', 5, 'vallás');
INSERT INTO TEST.KUPONOK (KOD, KEDVEZMENY, MUFAJ) VALUES ('3HD23JD0', 10, 'gyermekkönyv');
INSERT INTO TEST.KUPONOK (KOD, KEDVEZMENY, MUFAJ) VALUES ('4NDWPL0', 20, 'tudományos');
INSERT INTO TEST.KUPONOK (KOD, KEDVEZMENY, MUFAJ) VALUES ('YUR20WJ9', 15, 'vers');
INSERT INTO TEST.KUPONOK (KOD, KEDVEZMENY, MUFAJ) VALUES ('7DWM2A3', 25, 'dráma');

INSERT INTO TEST.KONYVEK (ISBN, CIM, KIADAS, KIADONEV, OLDALSZAM, KOTES, MERET, AR) VALUES (3, 'Kreatív Könyvcím', 2010, 'Kreatív Kft.', 341, 'keményfedeles', '210 x 297', 8199);
INSERT INTO TEST.KONYVEK (ISBN, CIM, KIADAS, KIADONEV, OLDALSZAM, KOTES, MERET, AR) VALUES (4, 'Aranyember', 2017, 'Ki Nem Adó', 540, 'puhatáblás', '170 x 240', 2400);
INSERT INTO TEST.KONYVEK (ISBN, CIM, KIADAS, KIADONEV, OLDALSZAM, KOTES, MERET, AR) VALUES (1, 'Oracle for Dummies', 2008, 'Józsi és Józsi Kft.', 650, 'keményfedeles', '210 x 297', 7500);
INSERT INTO TEST.KONYVEK (ISBN, CIM, KIADAS, KIADONEV, OLDALSZAM, KOTES, MERET, AR) VALUES (2, 'Adatbázisok', 1991, 'Nagyon Hosszú Nevű Kiadó', 102, 'ragasztott papír', '170 x 240', 2999);
INSERT INTO TEST.KONYVEK (ISBN, CIM, KIADAS, KIADONEV, OLDALSZAM, KOTES, MERET, AR) VALUES (5, 'Valami Horror', 2003, 'Kreatív Kft.', 420, 'puhatáblás', '170 x 240', 4550);
INSERT INTO TEST.KONYVEK (ISBN, CIM, KIADAS, KIADONEV, OLDALSZAM, KOTES, MERET, AR) VALUES (6, 'Valami Horror 2', 2008, 'Kreatív Kft.', 358, 'puhatáblás', '170 x 240', 4200);
INSERT INTO TEST.KONYVEK (ISBN, CIM, KIADAS, KIADONEV, OLDALSZAM, KOTES, MERET, AR) VALUES (7, 'Közelítő és Szimbolikus Számítások', 2018, 'Szendrei és Társa Bt.', 623, 'keményfedeles', '170 x 240', 8120);
INSERT INTO TEST.KONYVEK (ISBN, CIM, KIADAS, KIADONEV, OLDALSZAM, KOTES, MERET, AR) VALUES (8, 'Prog 2', 2014, 'Bestsellers Co.', 350, 'puhatáblás', '170 x 240', 3200);
INSERT INTO TEST.KONYVEK (ISBN, CIM, KIADAS, KIADONEV, OLDALSZAM, KOTES, MERET, AR) VALUES (9, 'Haladó Matematika', 2002, 'Kis Kiadó', 280, 'ragasztott papír', '170 x 240', 1740);
INSERT INTO TEST.KONYVEK (ISBN, CIM, KIADAS, KIADONEV, OLDALSZAM, KOTES, MERET, AR) VALUES (10, 'Kezdő Matematika', 2000, 'Kis Kiadó', 310, 'ragsztott papír', '170 x 240', 2000);
INSERT INTO TEST.KONYVEK (ISBN, CIM, KIADAS, KIADONEV, OLDALSZAM, KOTES, MERET, AR) VALUES (11, 'Csodás Versek', 1981, 'Legjobbkönyvek Bt.', 120, 'ragasztott papír', '170 x 240', 1410);
INSERT INTO TEST.KONYVEK (ISBN, CIM, KIADAS, KIADONEV, OLDALSZAM, KOTES, MERET, AR) VALUES (12, 'Minden Napra egy Mese', 1995, 'Legjobbkönyvek Bt.', 230, 'keményfedeles', '170 x 240', 4100);
INSERT INTO TEST.KONYVEK (ISBN, CIM, KIADAS, KIADONEV, OLDALSZAM, KOTES, MERET, AR) VALUES (13, 'Spanyol Szappanoperák', 2000, 'Szendrei és Társa Bt.', 412, 'puhatetős', '170 x 240', 8230);
INSERT INTO TEST.KONYVEK (ISBN, CIM, KIADAS, KIADONEV, OLDALSZAM, KOTES, MERET, AR) VALUES (14, 'Izgalmas Történelem', 2006, 'Olvass Többet Zrt.', 333, 'keményfedeles', '170 x 240', 7410);
INSERT INTO TEST.KONYVEK (ISBN, CIM, KIADAS, KIADONEV, OLDALSZAM, KOTES, MERET, AR) VALUES (15, 'Hit a Világ Körül', 1998, 'Tóthék Kft.', 555, 'keményfedeles', '210 x 297', 9500);
INSERT INTO TEST.KONYVEK (ISBN, CIM, KIADAS, KIADONEV, OLDALSZAM, KOTES, MERET, AR) VALUES (23, 'Robert Hauteville Története', 1988, 'Kis Kiadó', 188, 'puha', '150x120x5', 1999);
INSERT INTO TEST.KONYVEK (ISBN, CIM, KIADAS, KIADONEV, OLDALSZAM, KOTES, MERET, AR) VALUES (21, 'Az ABC gyilkosságok', 1942, 'Legjobbkönyvek Bt.', 244, 'puha', '250x200x8', 1999);
INSERT INTO TEST.KONYVEK (ISBN, CIM, KIADAS, KIADONEV, OLDALSZAM, KOTES, MERET, AR) VALUES (22, 'Gyilkosság az Oracle Expressen', 2020, 'Nagyon Hosszú Nevű Kiadó', 380, 'kemény', '300x220x10', 4990);
INSERT INTO TEST.KONYVEK (ISBN, CIM, KIADAS, KIADONEV, OLDALSZAM, KOTES, MERET, AR) VALUES (24, 'Joseph Stone legszebb versei', 2013, 'Bestsellers Co.', 90, 'puha', '150x120x6', 990);
INSERT INTO TEST.KONYVEK (ISBN, CIM, KIADAS, KIADONEV, OLDALSZAM, KOTES, MERET, AR) VALUES (25, 'Bocika kalandjai', 2004, 'Ki Nem Adó', 58, 'puha', '100x80x4', 490);
INSERT INTO TEST.KONYVEK (ISBN, CIM, KIADAS, KIADONEV, OLDALSZAM, KOTES, MERET, AR) VALUES (26, 'A karma rejtélyei', 2019, 'Józsi és Józsi Kft.', 220, 'puha', '220x180x8', 2490);
INSERT INTO TEST.KONYVEK (ISBN, CIM, KIADAS, KIADONEV, OLDALSZAM, KOTES, MERET, AR) VALUES (27, 'A lemenő nap', 2017, 'Legjobbkönyvek Bt.', 280, 'puha', '180x140x10', 2750);
INSERT INTO TEST.KONYVEK (ISBN, CIM, KIADAS, KIADONEV, OLDALSZAM, KOTES, MERET, AR) VALUES (28, 'A Kyokushin-kye története', 2016, 'Olvass Többet Zrt.', 310, 'puha', '200x170x6', 2500);
INSERT INTO TEST.KONYVEK (ISBN, CIM, KIADAS, KIADONEV, OLDALSZAM, KOTES, MERET, AR) VALUES (29, 'Alga', 1987, 'Ki Nem Adó', 280, 'puha', '200x170x8', 2800);
INSERT INTO TEST.KONYVEK (ISBN, CIM, KIADAS, KIADONEV, OLDALSZAM, KOTES, MERET, AR) VALUES (30, 'A IV. keresztes hadjárat', 1979, 'Kis Kiadó', 244, 'kemény', '210x160x8', 2999);
INSERT INTO TEST.KONYVEK (ISBN, CIM, KIADAS, KIADONEV, OLDALSZAM, KOTES, MERET, AR) VALUES (31, 'Szerelem és szerelem', 1955, 'Tóthék Kft.', 300, 'kemény', '210x180x7', 3990);
INSERT INTO TEST.KONYVEK (ISBN, CIM, KIADAS, KIADONEV, OLDALSZAM, KOTES, MERET, AR) VALUES (32, 'Hogyan legyél gazdag?', 1998, 'Bestsellers Co.', 290, 'puha', '240x190x8', 9990);
INSERT INTO TEST.KONYVEK (ISBN, CIM, KIADAS, KIADONEV, OLDALSZAM, KOTES, MERET, AR) VALUES (33, 'Csokonai verseskötet', 1847, 'Olvass Többet Zrt.', 199, 'kemény', '180x160x10', 2400);
INSERT INTO TEST.KONYVEK (ISBN, CIM, KIADAS, KIADONEV, OLDALSZAM, KOTES, MERET, AR) VALUES (34, 'A Flying Spaghetti Monster tanai', 2010, 'Szendrei és Társa Bt.', 328, 'kemény', '260x200x12', 10990);
INSERT INTO TEST.KONYVEK (ISBN, CIM, KIADAS, KIADONEV, OLDALSZAM, KOTES, MERET, AR) VALUES (35, 'A Szent Koronai országai', 1991, 'Kis Kiadó', 320, 'puha', '200x175x8', 2720);
INSERT INTO TEST.KONYVEK (ISBN, CIM, KIADAS, KIADONEV, OLDALSZAM, KOTES, MERET, AR) VALUES (36, 'DIY - Csináld magad', 2014, 'Kreatív Kft.', 90, 'puha', '180x140x5', 1600);
INSERT INTO TEST.KONYVEK (ISBN, CIM, KIADAS, KIADONEV, OLDALSZAM, KOTES, MERET, AR) VALUES (37, 'Farmgazdálkodás okosan', 2020, 'Szendrei és Társa Bt.', 230, 'puha', '210x185x7', 3100);
INSERT INTO TEST.KONYVEK (ISBN, CIM, KIADAS, KIADONEV, OLDALSZAM, KOTES, MERET, AR) VALUES (38, 'Differenciálegyenletek egyszerűen', 1968, 'Nagyon Hosszú Nevű Kiadó', 209, 'kemény', '220x190x8', 8700);
INSERT INTO TEST.KONYVEK (ISBN, CIM, KIADAS, KIADONEV, OLDALSZAM, KOTES, MERET, AR) VALUES (39, 'Szerelem és Szerelem 2: A szerelem visszavág', 1956, 'Tóthék Kft.', 238, 'puha', '210x180x8', 3250);
INSERT INTO TEST.KONYVEK (ISBN, CIM, KIADAS, KIADONEV, OLDALSZAM, KOTES, MERET, AR) VALUES (40, 'A Kakas Bár', 2017, 'Bestsellers Co.', 440, 'puha', '180x140x32', 3990);
INSERT INTO TEST.KONYVEK (ISBN, CIM, KIADAS, KIADONEV, OLDALSZAM, KOTES, MERET, AR) VALUES (16, 'Tanuljunk számolni!', 1972, 'Kreatív Kft.', 46, 'puha', '170x140x4', 1470);
INSERT INTO TEST.KONYVEK (ISBN, CIM, KIADAS, KIADONEV, OLDALSZAM, KOTES, MERET, AR) VALUES (17, 'A 7 tenger kalózai', 1720, 'Nagyon Hosszú Nevű Kiadó', 640, 'puha', '210x180x45', 5500);
INSERT INTO TEST.KONYVEK (ISBN, CIM, KIADAS, KIADONEV, OLDALSZAM, KOTES, MERET, AR) VALUES (18, 'Shógunátusi Japán', 1993, 'Kis Kiadó', 277, 'puha', '220x175x9', 2990);
INSERT INTO TEST.KONYVEK (ISBN, CIM, KIADAS, KIADONEV, OLDALSZAM, KOTES, MERET, AR) VALUES (19, 'A gömörszőlői mészáros', 1892, 'Szendrei és Társa Bt.', 278, 'kemény', '200x174x12', 3200);
INSERT INTO TEST.KONYVEK (ISBN, CIM, KIADAS, KIADONEV, OLDALSZAM, KOTES, MERET, AR) VALUES (20, 'Szent Confucius élete', 1720, 'Nagyon Hosszú Nevű Kiadó', 210, 'puha', '240x200x4', 5200);

INSERT INTO TEST.SZERZOK (NEV, ISBN) VALUES ('Agatha Christie', 21);
INSERT INTO TEST.SZERZOK (NEV, ISBN) VALUES ('Babinyecz Viktória', 27);
INSERT INTO TEST.SZERZOK (NEV, ISBN) VALUES ('Bengery Kitti', 37);
INSERT INTO TEST.SZERZOK (NEV, ISBN) VALUES ('Buddha Bence', 15);
INSERT INTO TEST.SZERZOK (NEV, ISBN) VALUES ('Buddha Mohammed', 20);
INSERT INTO TEST.SZERZOK (NEV, ISBN) VALUES ('Csokonai Vitéz Mihály', 33);
INSERT INTO TEST.SZERZOK (NEV, ISBN) VALUES ('Dr Köszi', 7);
INSERT INTO TEST.SZERZOK (NEV, ISBN) VALUES ('Dr Köszi', 9);
INSERT INTO TEST.SZERZOK (NEV, ISBN) VALUES ('Dr Köszi', 10);
INSERT INTO TEST.SZERZOK (NEV, ISBN) VALUES ('Dr. Berkei József', 29);
INSERT INTO TEST.SZERZOK (NEV, ISBN) VALUES ('Dr. John Constantine', 29);
INSERT INTO TEST.SZERZOK (NEV, ISBN) VALUES ('Dr. Luigi Fumero', 23);
INSERT INTO TEST.SZERZOK (NEV, ISBN) VALUES ('Dr. Luigi Fumero', 30);
INSERT INTO TEST.SZERZOK (NEV, ISBN) VALUES ('Edward Kenway', 17);
INSERT INTO TEST.SZERZOK (NEV, ISBN) VALUES ('Gömör Béla', 19);
INSERT INTO TEST.SZERZOK (NEV, ISBN) VALUES ('Horváth Jennifer', 26);
INSERT INTO TEST.SZERZOK (NEV, ISBN) VALUES ('Intelli J. Idea', 22);
INSERT INTO TEST.SZERZOK (NEV, ISBN) VALUES ('Jack Sparrow', 17);
INSERT INTO TEST.SZERZOK (NEV, ISBN) VALUES ('John Grisham', 40);
INSERT INTO TEST.SZERZOK (NEV, ISBN) VALUES ('John Machintos', 32);
INSERT INTO TEST.SZERZOK (NEV, ISBN) VALUES ('Joseph Johnson', 11);
INSERT INTO TEST.SZERZOK (NEV, ISBN) VALUES ('Joseph Johnson', 12);
INSERT INTO TEST.SZERZOK (NEV, ISBN) VALUES ('Joseph Stone', 24);
INSERT INTO TEST.SZERZOK (NEV, ISBN) VALUES ('José', 13);
INSERT INTO TEST.SZERZOK (NEV, ISBN) VALUES ('Jókai', 4);
INSERT INTO TEST.SZERZOK (NEV, ISBN) VALUES ('Kelemen Zoltán', 37);
INSERT INTO TEST.SZERZOK (NEV, ISBN) VALUES ('Kiss-Nagy Mária', 25);
INSERT INTO TEST.SZERZOK (NEV, ISBN) VALUES ('Kreatív Béla', 3);
INSERT INTO TEST.SZERZOK (NEV, ISBN) VALUES ('Kreatív Béla', 5);
INSERT INTO TEST.SZERZOK (NEV, ISBN) VALUES ('Kreatív Béla', 6);
INSERT INTO TEST.SZERZOK (NEV, ISBN) VALUES ('Kreatív Béla', 14);
INSERT INTO TEST.SZERZOK (NEV, ISBN) VALUES ('Kreatív Klára', 36);
INSERT INTO TEST.SZERZOK (NEV, ISBN) VALUES ('Linux VM', 8);
INSERT INTO TEST.SZERZOK (NEV, ISBN) VALUES ('Matekos Józsi', 9);
INSERT INTO TEST.SZERZOK (NEV, ISBN) VALUES ('Matekos Józsi', 10);
INSERT INTO TEST.SZERZOK (NEV, ISBN) VALUES ('Mr Oracle', 1);
INSERT INTO TEST.SZERZOK (NEV, ISBN) VALUES ('Nyisztor Dániel', 16);
INSERT INTO TEST.SZERZOK (NEV, ISBN) VALUES ('Otomo Tokugawa', 18);
INSERT INTO TEST.SZERZOK (NEV, ISBN) VALUES ('Prof. Magyar Sándor', 35);
INSERT INTO TEST.SZERZOK (NEV, ISBN) VALUES ('Szabó Zoltán', 38);
INSERT INTO TEST.SZERZOK (NEV, ISBN) VALUES ('Szelezsán', 2);
INSERT INTO TEST.SZERZOK (NEV, ISBN) VALUES ('Szendrei Alexia', 28);
INSERT INTO TEST.SZERZOK (NEV, ISBN) VALUES ('Szerelő András', 31);
INSERT INTO TEST.SZERZOK (NEV, ISBN) VALUES ('Szerelő András', 39);
INSERT INTO TEST.SZERZOK (NEV, ISBN) VALUES ('Sályi', 2);
INSERT INTO TEST.SZERZOK (NEV, ISBN) VALUES ('Thomas Atheist', 34);
INSERT INTO TEST.SZERZOK (NEV, ISBN) VALUES ('Tóth Tamás', 38);

INSERT INTO TEST.MUFAJOK (MUFAJ, ISBN) VALUES ('akció', 3);
INSERT INTO TEST.MUFAJOK (MUFAJ, ISBN) VALUES ('akció', 5);
INSERT INTO TEST.MUFAJOK (MUFAJ, ISBN) VALUES ('akció', 6);
INSERT INTO TEST.MUFAJOK (MUFAJ, ISBN) VALUES ('akció', 40);
INSERT INTO TEST.MUFAJOK (MUFAJ, ISBN) VALUES ('biológia', 29);
INSERT INTO TEST.MUFAJOK (MUFAJ, ISBN) VALUES ('detektív', 21);
INSERT INTO TEST.MUFAJOK (MUFAJ, ISBN) VALUES ('dráma', 3);
INSERT INTO TEST.MUFAJOK (MUFAJ, ISBN) VALUES ('dráma', 13);
INSERT INTO TEST.MUFAJOK (MUFAJ, ISBN) VALUES ('dráma', 21);
INSERT INTO TEST.MUFAJOK (MUFAJ, ISBN) VALUES ('dráma', 22);
INSERT INTO TEST.MUFAJOK (MUFAJ, ISBN) VALUES ('dráma', 31);
INSERT INTO TEST.MUFAJOK (MUFAJ, ISBN) VALUES ('dráma', 40);
INSERT INTO TEST.MUFAJOK (MUFAJ, ISBN) VALUES ('gyerekkönyv', 16);
INSERT INTO TEST.MUFAJOK (MUFAJ, ISBN) VALUES ('gyerekkönyv', 25);
INSERT INTO TEST.MUFAJOK (MUFAJ, ISBN) VALUES ('gyerekkönyv', 36);
INSERT INTO TEST.MUFAJOK (MUFAJ, ISBN) VALUES ('gyermekkönyv', 12);
INSERT INTO TEST.MUFAJOK (MUFAJ, ISBN) VALUES ('horror', 5);
INSERT INTO TEST.MUFAJOK (MUFAJ, ISBN) VALUES ('horror', 6);
INSERT INTO TEST.MUFAJOK (MUFAJ, ISBN) VALUES ('horror', 19);
INSERT INTO TEST.MUFAJOK (MUFAJ, ISBN) VALUES ('horror', 22);
INSERT INTO TEST.MUFAJOK (MUFAJ, ISBN) VALUES ('kaland', 17);
INSERT INTO TEST.MUFAJOK (MUFAJ, ISBN) VALUES ('romantikus', 7);
INSERT INTO TEST.MUFAJOK (MUFAJ, ISBN) VALUES ('romantikus', 13);
INSERT INTO TEST.MUFAJOK (MUFAJ, ISBN) VALUES ('romantikus', 27);
INSERT INTO TEST.MUFAJOK (MUFAJ, ISBN) VALUES ('romantikus', 31);
INSERT INTO TEST.MUFAJOK (MUFAJ, ISBN) VALUES ('romantikus', 39);
INSERT INTO TEST.MUFAJOK (MUFAJ, ISBN) VALUES ('tankönyv', 1);
INSERT INTO TEST.MUFAJOK (MUFAJ, ISBN) VALUES ('tankönyv', 2);
INSERT INTO TEST.MUFAJOK (MUFAJ, ISBN) VALUES ('tankönyv', 9);
INSERT INTO TEST.MUFAJOK (MUFAJ, ISBN) VALUES ('tankönyv', 10);
INSERT INTO TEST.MUFAJOK (MUFAJ, ISBN) VALUES ('tankönyv', 16);
INSERT INTO TEST.MUFAJOK (MUFAJ, ISBN) VALUES ('tankönyv', 38);
INSERT INTO TEST.MUFAJOK (MUFAJ, ISBN) VALUES ('tudományos', 8);
INSERT INTO TEST.MUFAJOK (MUFAJ, ISBN) VALUES ('tudományos', 9);
INSERT INTO TEST.MUFAJOK (MUFAJ, ISBN) VALUES ('tudományos', 10);
INSERT INTO TEST.MUFAJOK (MUFAJ, ISBN) VALUES ('tudományos', 29);
INSERT INTO TEST.MUFAJOK (MUFAJ, ISBN) VALUES ('tudományos', 32);
INSERT INTO TEST.MUFAJOK (MUFAJ, ISBN) VALUES ('tudományos', 37);
INSERT INTO TEST.MUFAJOK (MUFAJ, ISBN) VALUES ('történelem', 4);
INSERT INTO TEST.MUFAJOK (MUFAJ, ISBN) VALUES ('történelem', 14);
INSERT INTO TEST.MUFAJOK (MUFAJ, ISBN) VALUES ('történelem', 18);
INSERT INTO TEST.MUFAJOK (MUFAJ, ISBN) VALUES ('történelem', 23);
INSERT INTO TEST.MUFAJOK (MUFAJ, ISBN) VALUES ('történelem', 28);
INSERT INTO TEST.MUFAJOK (MUFAJ, ISBN) VALUES ('történelem', 30);
INSERT INTO TEST.MUFAJOK (MUFAJ, ISBN) VALUES ('történelem', 33);
INSERT INTO TEST.MUFAJOK (MUFAJ, ISBN) VALUES ('történelem', 35);
INSERT INTO TEST.MUFAJOK (MUFAJ, ISBN) VALUES ('vallás', 15);
INSERT INTO TEST.MUFAJOK (MUFAJ, ISBN) VALUES ('vallás', 20);
INSERT INTO TEST.MUFAJOK (MUFAJ, ISBN) VALUES ('vallás', 26);
INSERT INTO TEST.MUFAJOK (MUFAJ, ISBN) VALUES ('vallás', 34);
INSERT INTO TEST.MUFAJOK (MUFAJ, ISBN) VALUES ('vers', 11);
INSERT INTO TEST.MUFAJOK (MUFAJ, ISBN) VALUES ('vers', 24);
INSERT INTO TEST.MUFAJOK (MUFAJ, ISBN) VALUES ('vers', 33);

INSERT INTO TEST.RAKTARON (ISBN, AZONOSITO, DARABSZAM) VALUES (1, 741236985, 79);
INSERT INTO TEST.RAKTARON (ISBN, AZONOSITO, DARABSZAM) VALUES (2, 741236985, 78);
INSERT INTO TEST.RAKTARON (ISBN, AZONOSITO, DARABSZAM) VALUES (3, 741236985, 93);
INSERT INTO TEST.RAKTARON (ISBN, AZONOSITO, DARABSZAM) VALUES (4, 741236985, 63);
INSERT INTO TEST.RAKTARON (ISBN, AZONOSITO, DARABSZAM) VALUES (5, 741236985, 93);
INSERT INTO TEST.RAKTARON (ISBN, AZONOSITO, DARABSZAM) VALUES (6, 741236985, 95);
INSERT INTO TEST.RAKTARON (ISBN, AZONOSITO, DARABSZAM) VALUES (7, 741236985, 87);
INSERT INTO TEST.RAKTARON (ISBN, AZONOSITO, DARABSZAM) VALUES (8, 741236985, 88);
INSERT INTO TEST.RAKTARON (ISBN, AZONOSITO, DARABSZAM) VALUES (9, 741236985, 95);
INSERT INTO TEST.RAKTARON (ISBN, AZONOSITO, DARABSZAM) VALUES (10, 741236985, 79);
INSERT INTO TEST.RAKTARON (ISBN, AZONOSITO, DARABSZAM) VALUES (11, 741236985, 89);
INSERT INTO TEST.RAKTARON (ISBN, AZONOSITO, DARABSZAM) VALUES (12, 741236985, 89);
INSERT INTO TEST.RAKTARON (ISBN, AZONOSITO, DARABSZAM) VALUES (13, 741236985, 79);
INSERT INTO TEST.RAKTARON (ISBN, AZONOSITO, DARABSZAM) VALUES (14, 741236985, 90);
INSERT INTO TEST.RAKTARON (ISBN, AZONOSITO, DARABSZAM) VALUES (15, 741236985, 91);
INSERT INTO TEST.RAKTARON (ISBN, AZONOSITO, DARABSZAM) VALUES (1, 654564, 15);
INSERT INTO TEST.RAKTARON (ISBN, AZONOSITO, DARABSZAM) VALUES (2, 14141414, 21);
INSERT INTO TEST.RAKTARON (ISBN, AZONOSITO, DARABSZAM) VALUES (3, 1415151617, 47);
INSERT INTO TEST.RAKTARON (ISBN, AZONOSITO, DARABSZAM) VALUES (5, 14141414, 14);
INSERT INTO TEST.RAKTARON (ISBN, AZONOSITO, DARABSZAM) VALUES (7, 25252525, 19);
INSERT INTO TEST.RAKTARON (ISBN, AZONOSITO, DARABSZAM) VALUES (12, 25252525, 21);
INSERT INTO TEST.RAKTARON (ISBN, AZONOSITO, DARABSZAM) VALUES (10, 14141414, 304);
INSERT INTO TEST.RAKTARON (ISBN, AZONOSITO, DARABSZAM) VALUES (12, 14141414, 56);
INSERT INTO TEST.RAKTARON (ISBN, AZONOSITO, DARABSZAM) VALUES (15, 14141414, 58);
INSERT INTO TEST.RAKTARON (ISBN, AZONOSITO, DARABSZAM) VALUES (5, 25252525, 782);
INSERT INTO TEST.RAKTARON (ISBN, AZONOSITO, DARABSZAM) VALUES (11, 654564, 67);
INSERT INTO TEST.RAKTARON (ISBN, AZONOSITO, DARABSZAM) VALUES (3, 14141414, 70);
INSERT INTO TEST.RAKTARON (ISBN, AZONOSITO, DARABSZAM) VALUES (11, 14141414, 66);
INSERT INTO TEST.RAKTARON (ISBN, AZONOSITO, DARABSZAM) VALUES (3, 654564, 37);
INSERT INTO TEST.RAKTARON (ISBN, AZONOSITO, DARABSZAM) VALUES (8, 654564, 43);
INSERT INTO TEST.RAKTARON (ISBN, AZONOSITO, DARABSZAM) VALUES (9, 654564, 61);
INSERT INTO TEST.RAKTARON (ISBN, AZONOSITO, DARABSZAM) VALUES (12, 654564, 55);
INSERT INTO TEST.RAKTARON (ISBN, AZONOSITO, DARABSZAM) VALUES (14, 654564, 22);
INSERT INTO TEST.RAKTARON (ISBN, AZONOSITO, DARABSZAM) VALUES (1, 14141414, 25);
INSERT INTO TEST.RAKTARON (ISBN, AZONOSITO, DARABSZAM) VALUES (5, 1415151617, 47);
INSERT INTO TEST.RAKTARON (ISBN, AZONOSITO, DARABSZAM) VALUES (21, 741236985, 98);
INSERT INTO TEST.RAKTARON (ISBN, AZONOSITO, DARABSZAM) VALUES (22, 741236985, 95);
INSERT INTO TEST.RAKTARON (ISBN, AZONOSITO, DARABSZAM) VALUES (23, 741236985, 96);
INSERT INTO TEST.RAKTARON (ISBN, AZONOSITO, DARABSZAM) VALUES (25, 741236985, 93);
INSERT INTO TEST.RAKTARON (ISBN, AZONOSITO, DARABSZAM) VALUES (26, 741236985, 94);
INSERT INTO TEST.RAKTARON (ISBN, AZONOSITO, DARABSZAM) VALUES (27, 741236985, 97);
INSERT INTO TEST.RAKTARON (ISBN, AZONOSITO, DARABSZAM) VALUES (28, 741236985, 98);
INSERT INTO TEST.RAKTARON (ISBN, AZONOSITO, DARABSZAM) VALUES (29, 741236985, 97);
INSERT INTO TEST.RAKTARON (ISBN, AZONOSITO, DARABSZAM) VALUES (30, 741236985, 95);
INSERT INTO TEST.RAKTARON (ISBN, AZONOSITO, DARABSZAM) VALUES (31, 741236985, 97);
INSERT INTO TEST.RAKTARON (ISBN, AZONOSITO, DARABSZAM) VALUES (32, 741236985, 89);
INSERT INTO TEST.RAKTARON (ISBN, AZONOSITO, DARABSZAM) VALUES (33, 741236985, 73);
INSERT INTO TEST.RAKTARON (ISBN, AZONOSITO, DARABSZAM) VALUES (34, 741236985, 93);
INSERT INTO TEST.RAKTARON (ISBN, AZONOSITO, DARABSZAM) VALUES (35, 741236985, 94);
INSERT INTO TEST.RAKTARON (ISBN, AZONOSITO, DARABSZAM) VALUES (36, 741236985, 89);
INSERT INTO TEST.RAKTARON (ISBN, AZONOSITO, DARABSZAM) VALUES (37, 741236985, 97);
INSERT INTO TEST.RAKTARON (ISBN, AZONOSITO, DARABSZAM) VALUES (38, 741236985, 96);
INSERT INTO TEST.RAKTARON (ISBN, AZONOSITO, DARABSZAM) VALUES (39, 741236985, 95);
INSERT INTO TEST.RAKTARON (ISBN, AZONOSITO, DARABSZAM) VALUES (40, 741236985, 92);
INSERT INTO TEST.RAKTARON (ISBN, AZONOSITO, DARABSZAM) VALUES (16, 741236985, 95);
INSERT INTO TEST.RAKTARON (ISBN, AZONOSITO, DARABSZAM) VALUES (17, 741236985, 95);
INSERT INTO TEST.RAKTARON (ISBN, AZONOSITO, DARABSZAM) VALUES (18, 741236985, 89);
INSERT INTO TEST.RAKTARON (ISBN, AZONOSITO, DARABSZAM) VALUES (19, 741236985, 96);
INSERT INTO TEST.RAKTARON (ISBN, AZONOSITO, DARABSZAM) VALUES (20, 741236985, 93);
INSERT INTO TEST.RAKTARON (ISBN, AZONOSITO, DARABSZAM) VALUES (23, 1415151617, 36);
INSERT INTO TEST.RAKTARON (ISBN, AZONOSITO, DARABSZAM) VALUES (22, 1415151617, 25);
INSERT INTO TEST.RAKTARON (ISBN, AZONOSITO, DARABSZAM) VALUES (26, 1415151617, 54);
INSERT INTO TEST.RAKTARON (ISBN, AZONOSITO, DARABSZAM) VALUES (30, 1415151617, 37);
INSERT INTO TEST.RAKTARON (ISBN, AZONOSITO, DARABSZAM) VALUES (32, 1415151617, 42);
INSERT INTO TEST.RAKTARON (ISBN, AZONOSITO, DARABSZAM) VALUES (38, 1415151617, 17);
INSERT INTO TEST.RAKTARON (ISBN, AZONOSITO, DARABSZAM) VALUES (16, 1415151617, 26);
INSERT INTO TEST.RAKTARON (ISBN, AZONOSITO, DARABSZAM) VALUES (19, 1415151617, 51);
INSERT INTO TEST.RAKTARON (ISBN, AZONOSITO, DARABSZAM) VALUES (20, 1415151617, 23);
INSERT INTO TEST.RAKTARON (ISBN, AZONOSITO, DARABSZAM) VALUES (29, 1415151617, 37);
INSERT INTO TEST.RAKTARON (ISBN, AZONOSITO, DARABSZAM) VALUES (39, 1415151617, 11);
INSERT INTO TEST.RAKTARON (ISBN, AZONOSITO, DARABSZAM) VALUES (27, 1415151617, 28);
INSERT INTO TEST.RAKTARON (ISBN, AZONOSITO, DARABSZAM) VALUES (24, 1415151617, 10);
INSERT INTO TEST.RAKTARON (ISBN, AZONOSITO, DARABSZAM) VALUES (33, 1415151617, 14);
INSERT INTO TEST.RAKTARON (ISBN, AZONOSITO, DARABSZAM) VALUES (17, 1415151617, 24);
INSERT INTO TEST.RAKTARON (ISBN, AZONOSITO, DARABSZAM) VALUES (25, 1415151617, 25);
INSERT INTO TEST.RAKTARON (ISBN, AZONOSITO, DARABSZAM) VALUES (23, 14141414, 56);
INSERT INTO TEST.RAKTARON (ISBN, AZONOSITO, DARABSZAM) VALUES (22, 14141414, 35);
INSERT INTO TEST.RAKTARON (ISBN, AZONOSITO, DARABSZAM) VALUES (25, 14141414, 43);
INSERT INTO TEST.RAKTARON (ISBN, AZONOSITO, DARABSZAM) VALUES (27, 14141414, 69);
INSERT INTO TEST.RAKTARON (ISBN, AZONOSITO, DARABSZAM) VALUES (29, 14141414, 42);
INSERT INTO TEST.RAKTARON (ISBN, AZONOSITO, DARABSZAM) VALUES (31, 14141414, 56);
INSERT INTO TEST.RAKTARON (ISBN, AZONOSITO, DARABSZAM) VALUES (33, 14141414, 43);
INSERT INTO TEST.RAKTARON (ISBN, AZONOSITO, DARABSZAM) VALUES (35, 14141414, 55);
INSERT INTO TEST.RAKTARON (ISBN, AZONOSITO, DARABSZAM) VALUES (37, 14141414, 27);
INSERT INTO TEST.RAKTARON (ISBN, AZONOSITO, DARABSZAM) VALUES (39, 14141414, 35);
INSERT INTO TEST.RAKTARON (ISBN, AZONOSITO, DARABSZAM) VALUES (16, 14141414, 58);
INSERT INTO TEST.RAKTARON (ISBN, AZONOSITO, DARABSZAM) VALUES (18, 14141414, 31);
INSERT INTO TEST.RAKTARON (ISBN, AZONOSITO, DARABSZAM) VALUES (20, 14141414, 55);
INSERT INTO TEST.RAKTARON (ISBN, AZONOSITO, DARABSZAM) VALUES (38, 14141414, 38);
INSERT INTO TEST.RAKTARON (ISBN, AZONOSITO, DARABSZAM) VALUES (28, 14141414, 58);
INSERT INTO TEST.RAKTARON (ISBN, AZONOSITO, DARABSZAM) VALUES (17, 14141414, 95);
INSERT INTO TEST.RAKTARON (ISBN, AZONOSITO, DARABSZAM) VALUES (21, 25252525, 168);
INSERT INTO TEST.RAKTARON (ISBN, AZONOSITO, DARABSZAM) VALUES (26, 25252525, 195);
INSERT INTO TEST.RAKTARON (ISBN, AZONOSITO, DARABSZAM) VALUES (35, 25252525, 179);
INSERT INTO TEST.RAKTARON (ISBN, AZONOSITO, DARABSZAM) VALUES (39, 25252525, 336);
INSERT INTO TEST.RAKTARON (ISBN, AZONOSITO, DARABSZAM) VALUES (20, 25252525, 276);
INSERT INTO TEST.RAKTARON (ISBN, AZONOSITO, DARABSZAM) VALUES (28, 25252525, 183);
INSERT INTO TEST.RAKTARON (ISBN, AZONOSITO, DARABSZAM) VALUES (16, 25252525, 146);
INSERT INTO TEST.RAKTARON (ISBN, AZONOSITO, DARABSZAM) VALUES (23, 654564, 30);
INSERT INTO TEST.RAKTARON (ISBN, AZONOSITO, DARABSZAM) VALUES (27, 654564, 61);
INSERT INTO TEST.RAKTARON (ISBN, AZONOSITO, DARABSZAM) VALUES (37, 654564, 61);
INSERT INTO TEST.RAKTARON (ISBN, AZONOSITO, DARABSZAM) VALUES (17, 654564, 48);
INSERT INTO TEST.RAKTARON (ISBN, AZONOSITO, DARABSZAM) VALUES (20, 654564, 354);
INSERT INTO TEST.RAKTARON (ISBN, AZONOSITO, DARABSZAM) VALUES (18, 654564, 72);
INSERT INTO TEST.RAKTARON (ISBN, AZONOSITO, DARABSZAM) VALUES (29, 654564, 38);
INSERT INTO TEST.RAKTARON (ISBN, AZONOSITO, DARABSZAM) VALUES (39, 654564, 25);
INSERT INTO TEST.RAKTARON (ISBN, AZONOSITO, DARABSZAM) VALUES (38, 654564, 98);
INSERT INTO TEST.RAKTARON (ISBN, AZONOSITO, DARABSZAM) VALUES (40, 654564, 223);
INSERT INTO TEST.RAKTARON (ISBN, AZONOSITO, DARABSZAM) VALUES (26, 654564, 88);
INSERT INTO TEST.RAKTARON (ISBN, AZONOSITO, DARABSZAM) VALUES (33, 654564, 13);
INSERT INTO TEST.RAKTARON (ISBN, AZONOSITO, DARABSZAM) VALUES (24, 14141414, 23);

INSERT INTO TEST.RENDELESEK (EMAIL, ISBN, DARABSZAM, ATV_HELYSZIN, RENDELES_IDEJE, ATVETEL_IDEJE, SUBTOTAL) VALUES ('figyelek@mail.hu', 4, 1, '6723 Szeged Egyik utca 8', TO_DATE('2020-05-02 17:27:26', 'YYYY-MM-DD HH24:MI:SS'), null, 2400);
INSERT INTO TEST.RENDELESEK (EMAIL, ISBN, DARABSZAM, ATV_HELYSZIN, RENDELES_IDEJE, ATVETEL_IDEJE, SUBTOTAL) VALUES ('figyelek@mail.hu', 8, 4, '6723 Szeged Egyik utca 8', TO_DATE('2020-02-27 17:27:27', 'YYYY-MM-DD HH24:MI:SS'), null, 12800);
INSERT INTO TEST.RENDELESEK (EMAIL, ISBN, DARABSZAM, ATV_HELYSZIN, RENDELES_IDEJE, ATVETEL_IDEJE, SUBTOTAL) VALUES ('figyelek@mail.hu', 10, 1, '6723 Szeged Egyik utca 8', TO_DATE('2020-05-02 17:27:27', 'YYYY-MM-DD HH24:MI:SS'), null, 2000);
INSERT INTO TEST.RENDELESEK (EMAIL, ISBN, DARABSZAM, ATV_HELYSZIN, RENDELES_IDEJE, ATVETEL_IDEJE, SUBTOTAL) VALUES ('figyelek@mail.hu', 15, 1, '6723 Szeged Egyik utca 8', TO_DATE('2020-04-14 17:27:27', 'YYYY-MM-DD HH24:MI:SS'), null, 9500);
INSERT INTO TEST.RENDELESEK (EMAIL, ISBN, DARABSZAM, ATV_HELYSZIN, RENDELES_IDEJE, ATVETEL_IDEJE, SUBTOTAL) VALUES ('figyelek@mail.hu', 1, 1, '6723 Szeged Kő utca 8', TO_DATE('2020-05-02 17:28:31', 'YYYY-MM-DD HH24:MI:SS'), null, 7500);
INSERT INTO TEST.RENDELESEK (EMAIL, ISBN, DARABSZAM, ATV_HELYSZIN, RENDELES_IDEJE, ATVETEL_IDEJE, SUBTOTAL) VALUES ('figyelek@mail.hu', 2, 4, '6723 Szeged Kő utca 8', TO_DATE('2020-05-02 17:28:31', 'YYYY-MM-DD HH24:MI:SS'), null, 11996);
INSERT INTO TEST.RENDELESEK (EMAIL, ISBN, DARABSZAM, ATV_HELYSZIN, RENDELES_IDEJE, ATVETEL_IDEJE, SUBTOTAL) VALUES ('figyelek@mail.hu', 3, 1, '6723 Szeged Kő utca 8', TO_DATE('2020-05-02 17:28:31', 'YYYY-MM-DD HH24:MI:SS'), null, 8199);
INSERT INTO TEST.RENDELESEK (EMAIL, ISBN, DARABSZAM, ATV_HELYSZIN, RENDELES_IDEJE, ATVETEL_IDEJE, SUBTOTAL) VALUES ('figyelek@mail.hu', 4, 3, '6723 Szeged Kő utca 8', TO_DATE('2020-01-21 17:28:31', 'YYYY-MM-DD HH24:MI:SS'), null, 7200);
INSERT INTO TEST.RENDELESEK (EMAIL, ISBN, DARABSZAM, ATV_HELYSZIN, RENDELES_IDEJE, ATVETEL_IDEJE, SUBTOTAL) VALUES ('figyelek@mail.hu', 5, 5, '6723 Szeged Kő utca 8', TO_DATE('2020-05-02 17:28:31', 'YYYY-MM-DD HH24:MI:SS'), null, 22750);
INSERT INTO TEST.RENDELESEK (EMAIL, ISBN, DARABSZAM, ATV_HELYSZIN, RENDELES_IDEJE, ATVETEL_IDEJE, SUBTOTAL) VALUES ('figyelek@mail.hu', 6, 2, '6723 Szeged Kő utca 8', TO_DATE('2020-04-13 17:28:31', 'YYYY-MM-DD HH24:MI:SS'), null, 8400);
INSERT INTO TEST.RENDELESEK (EMAIL, ISBN, DARABSZAM, ATV_HELYSZIN, RENDELES_IDEJE, ATVETEL_IDEJE, SUBTOTAL) VALUES ('figyelek@mail.hu', 7, 5, '6723 Szeged Kő utca 8', TO_DATE('2020-04-02 17:28:31', 'YYYY-MM-DD HH24:MI:SS'), null, 40600);
INSERT INTO TEST.RENDELESEK (EMAIL, ISBN, DARABSZAM, ATV_HELYSZIN, RENDELES_IDEJE, ATVETEL_IDEJE, SUBTOTAL) VALUES ('figyelek@mail.hu', 8, 2, '6723 Szeged Kő utca 8', TO_DATE('2020-05-02 17:28:31', 'YYYY-MM-DD HH24:MI:SS'), null, 6400);
INSERT INTO TEST.RENDELESEK (EMAIL, ISBN, DARABSZAM, ATV_HELYSZIN, RENDELES_IDEJE, ATVETEL_IDEJE, SUBTOTAL) VALUES ('figyelek@mail.hu', 9, 2, '6723 Szeged Kő utca 8', TO_DATE('2020-05-02 17:28:31', 'YYYY-MM-DD HH24:MI:SS'), null, 3480);
INSERT INTO TEST.RENDELESEK (EMAIL, ISBN, DARABSZAM, ATV_HELYSZIN, RENDELES_IDEJE, ATVETEL_IDEJE, SUBTOTAL) VALUES ('figyelek@mail.hu', 10, 6, '6723 Szeged Kő utca 8', TO_DATE('2020-01-31 17:28:31', 'YYYY-MM-DD HH24:MI:SS'), null, 12000);
INSERT INTO TEST.RENDELESEK (EMAIL, ISBN, DARABSZAM, ATV_HELYSZIN, RENDELES_IDEJE, ATVETEL_IDEJE, SUBTOTAL) VALUES ('figyelek@mail.hu', 11, 2, '6723 Szeged Kő utca 8', TO_DATE('2020-05-02 17:28:31', 'YYYY-MM-DD HH24:MI:SS'), null, 2820);
INSERT INTO TEST.RENDELESEK (EMAIL, ISBN, DARABSZAM, ATV_HELYSZIN, RENDELES_IDEJE, ATVETEL_IDEJE, SUBTOTAL) VALUES ('figyelek@mail.hu', 12, 1, '6723 Szeged Kő utca 8', TO_DATE('2020-02-04 17:28:31', 'YYYY-MM-DD HH24:MI:SS'), null, 4100);
INSERT INTO TEST.RENDELESEK (EMAIL, ISBN, DARABSZAM, ATV_HELYSZIN, RENDELES_IDEJE, ATVETEL_IDEJE, SUBTOTAL) VALUES ('figyelek@mail.hu', 13, 4, '6723 Szeged Kő utca 8', TO_DATE('2020-03-02 17:28:31', 'YYYY-MM-DD HH24:MI:SS'), null, 32920);
INSERT INTO TEST.RENDELESEK (EMAIL, ISBN, DARABSZAM, ATV_HELYSZIN, RENDELES_IDEJE, ATVETEL_IDEJE, SUBTOTAL) VALUES ('figyelek@mail.hu', 14, 2, '6723 Szeged Kő utca 8', TO_DATE('2020-03-02 17:28:31', 'YYYY-MM-DD HH24:MI:SS'), null, 14820);
INSERT INTO TEST.RENDELESEK (EMAIL, ISBN, DARABSZAM, ATV_HELYSZIN, RENDELES_IDEJE, ATVETEL_IDEJE, SUBTOTAL) VALUES ('figyelek@mail.hu', 15, 2, '6723 Szeged Kő utca 8', TO_DATE('2020-04-02 17:28:31', 'YYYY-MM-DD HH24:MI:SS'), null, 19000);
INSERT INTO TEST.RENDELESEK (EMAIL, ISBN, DARABSZAM, ATV_HELYSZIN, RENDELES_IDEJE, ATVETEL_IDEJE, SUBTOTAL) VALUES ('fpiroska@mail.hu', 1, 5, '6723 Szeged Kő utca 8', TO_DATE('2020-02-02 17:30:23', 'YYYY-MM-DD HH24:MI:SS'), null, 37500);
INSERT INTO TEST.RENDELESEK (EMAIL, ISBN, DARABSZAM, ATV_HELYSZIN, RENDELES_IDEJE, ATVETEL_IDEJE, SUBTOTAL) VALUES ('fpiroska@mail.hu', 2, 1, '6723 Szeged Kő utca 8', TO_DATE('2020-05-02 17:30:23', 'YYYY-MM-DD HH24:MI:SS'), null, 2999);
INSERT INTO TEST.RENDELESEK (EMAIL, ISBN, DARABSZAM, ATV_HELYSZIN, RENDELES_IDEJE, ATVETEL_IDEJE, SUBTOTAL) VALUES ('fpiroska@mail.hu', 3, 4, '6723 Szeged Kő utca 8', TO_DATE('2020-01-02 17:30:23', 'YYYY-MM-DD HH24:MI:SS'), null, 32796);
INSERT INTO TEST.RENDELESEK (EMAIL, ISBN, DARABSZAM, ATV_HELYSZIN, RENDELES_IDEJE, ATVETEL_IDEJE, SUBTOTAL) VALUES ('fpiroska@mail.hu', 4, 2, '6723 Szeged Kő utca 8', TO_DATE('2020-01-02 17:30:23', 'YYYY-MM-DD HH24:MI:SS'), null, 4800);
INSERT INTO TEST.RENDELESEK (EMAIL, ISBN, DARABSZAM, ATV_HELYSZIN, RENDELES_IDEJE, ATVETEL_IDEJE, SUBTOTAL) VALUES ('fpiroska@mail.hu', 5, 1, '6723 Szeged Kő utca 8', TO_DATE('2020-04-22 17:30:23', 'YYYY-MM-DD HH24:MI:SS'), null, 4550);
INSERT INTO TEST.RENDELESEK (EMAIL, ISBN, DARABSZAM, ATV_HELYSZIN, RENDELES_IDEJE, ATVETEL_IDEJE, SUBTOTAL) VALUES ('fpiroska@mail.hu', 6, 1, '6723 Szeged Kő utca 8', TO_DATE('2020-05-02 17:30:23', 'YYYY-MM-DD HH24:MI:SS'), null, 4200);
INSERT INTO TEST.RENDELESEK (EMAIL, ISBN, DARABSZAM, ATV_HELYSZIN, RENDELES_IDEJE, ATVETEL_IDEJE, SUBTOTAL) VALUES ('fpiroska@mail.hu', 7, 5, '6723 Szeged Kő utca 8', TO_DATE('2020-04-02 17:30:23', 'YYYY-MM-DD HH24:MI:SS'), null, 40600);
INSERT INTO TEST.RENDELESEK (EMAIL, ISBN, DARABSZAM, ATV_HELYSZIN, RENDELES_IDEJE, ATVETEL_IDEJE, SUBTOTAL) VALUES ('fpiroska@mail.hu', 8, 3, '6723 Szeged Kő utca 8', TO_DATE('2020-05-02 17:30:23', 'YYYY-MM-DD HH24:MI:SS'), null, 9600);
INSERT INTO TEST.RENDELESEK (EMAIL, ISBN, DARABSZAM, ATV_HELYSZIN, RENDELES_IDEJE, ATVETEL_IDEJE, SUBTOTAL) VALUES ('fpiroska@mail.hu', 9, 2, '6723 Szeged Kő utca 8', TO_DATE('2020-05-02 17:30:23', 'YYYY-MM-DD HH24:MI:SS'), null, 3480);
INSERT INTO TEST.RENDELESEK (EMAIL, ISBN, DARABSZAM, ATV_HELYSZIN, RENDELES_IDEJE, ATVETEL_IDEJE, SUBTOTAL) VALUES ('fpiroska@mail.hu', 10, 2, '6723 Szeged Kő utca 8', TO_DATE('2020-03-18 17:30:23', 'YYYY-MM-DD HH24:MI:SS'), null, 4000);
INSERT INTO TEST.RENDELESEK (EMAIL, ISBN, DARABSZAM, ATV_HELYSZIN, RENDELES_IDEJE, ATVETEL_IDEJE, SUBTOTAL) VALUES ('fpiroska@mail.hu', 11, 5, '6723 Szeged Kő utca 8', TO_DATE('2020-03-17 17:30:23', 'YYYY-MM-DD HH24:MI:SS'), null, 7050);
INSERT INTO TEST.RENDELESEK (EMAIL, ISBN, DARABSZAM, ATV_HELYSZIN, RENDELES_IDEJE, ATVETEL_IDEJE, SUBTOTAL) VALUES ('fpiroska@mail.hu', 12, 5, '6723 Szeged Kő utca 8', TO_DATE('2020-02-02 17:30:23', 'YYYY-MM-DD HH24:MI:SS'), null, 20500);
INSERT INTO TEST.RENDELESEK (EMAIL, ISBN, DARABSZAM, ATV_HELYSZIN, RENDELES_IDEJE, ATVETEL_IDEJE, SUBTOTAL) VALUES ('fpiroska@mail.hu', 13, 3, '6723 Szeged Kő utca 8', TO_DATE('2020-01-02 17:30:23', 'YYYY-MM-DD HH24:MI:SS'), null, 24690);
INSERT INTO TEST.RENDELESEK (EMAIL, ISBN, DARABSZAM, ATV_HELYSZIN, RENDELES_IDEJE, ATVETEL_IDEJE, SUBTOTAL) VALUES ('fpiroska@mail.hu', 14, 4, '6723 Szeged Kő utca 8', TO_DATE('2020-02-14 17:30:23', 'YYYY-MM-DD HH24:MI:SS'), null, 29640);
INSERT INTO TEST.RENDELESEK (EMAIL, ISBN, DARABSZAM, ATV_HELYSZIN, RENDELES_IDEJE, ATVETEL_IDEJE, SUBTOTAL) VALUES ('fpiroska@mail.hu', 15, 1, '6723 Szeged Kő utca 8', TO_DATE('2020-05-02 17:30:23', 'YYYY-MM-DD HH24:MI:SS'), null, 9500);
INSERT INTO TEST.RENDELESEK (EMAIL, ISBN, DARABSZAM, ATV_HELYSZIN, RENDELES_IDEJE, ATVETEL_IDEJE, SUBTOTAL) VALUES ('kgeza@mail.hu', 2, 10, '6723 Szeged Kő utca 8', TO_DATE('2020-04-02 17:31:58', 'YYYY-MM-DD HH24:MI:SS'), null, 29990);
INSERT INTO TEST.RENDELESEK (EMAIL, ISBN, DARABSZAM, ATV_HELYSZIN, RENDELES_IDEJE, ATVETEL_IDEJE, SUBTOTAL) VALUES ('kgeza@mail.hu', 11, 1, '6723 Szeged Kő utca 8', TO_DATE('2020-05-02 17:31:58', 'YYYY-MM-DD HH24:MI:SS'), null, 1410);
INSERT INTO TEST.RENDELESEK (EMAIL, ISBN, DARABSZAM, ATV_HELYSZIN, RENDELES_IDEJE, ATVETEL_IDEJE, SUBTOTAL) VALUES ('vegbela@mail.hu', 1, 1, '8585 Unalmas város Unalmas utca 8/u', TO_DATE('2020-05-02 17:36:04', 'YYYY-MM-DD HH24:MI:SS'), null, 7500);
INSERT INTO TEST.RENDELESEK (EMAIL, ISBN, DARABSZAM, ATV_HELYSZIN, RENDELES_IDEJE, ATVETEL_IDEJE, SUBTOTAL) VALUES ('vegbela@mail.hu', 10, 10, '8585 Unalmas város Unalmas utca 8/u', TO_DATE('2020-01-14 17:36:04', 'YYYY-MM-DD HH24:MI:SS'), null, 20000);
INSERT INTO TEST.RENDELESEK (EMAIL, ISBN, DARABSZAM, ATV_HELYSZIN, RENDELES_IDEJE, ATVETEL_IDEJE, SUBTOTAL) VALUES ('vegbela@mail.hu', 13, 1, '8585 Unalmas város Unalmas utca 8/u', TO_DATE('2020-05-02 17:36:04', 'YYYY-MM-DD HH24:MI:SS'), null, 8230);
INSERT INTO TEST.RENDELESEK (EMAIL, ISBN, DARABSZAM, ATV_HELYSZIN, RENDELES_IDEJE, ATVETEL_IDEJE, SUBTOTAL) VALUES ('kmanci@mail.hu', 13, 10, '4789 Egyik Város A utca 5/A', TO_DATE('2020-02-21 18:02:32', 'YYYY-MM-DD HH24:MI:SS'), null, 82300);
INSERT INTO TEST.RENDELESEK (EMAIL, ISBN, DARABSZAM, ATV_HELYSZIN, RENDELES_IDEJE, ATVETEL_IDEJE, SUBTOTAL) VALUES ('vegbela@mail.hu', 1, 10, '4789 Egyik Város A utca 5/A', TO_DATE('2020-03-11 18:12:31', 'YYYY-MM-DD HH24:MI:SS'), null, 75000);
INSERT INTO TEST.RENDELESEK (EMAIL, ISBN, DARABSZAM, ATV_HELYSZIN, RENDELES_IDEJE, ATVETEL_IDEJE, SUBTOTAL) VALUES ('vegbela@mail.hu', 12, 1, '8585 Unalmas város Unalmas utca 8/u', TO_DATE('2020-05-02 17:41:38', 'YYYY-MM-DD HH24:MI:SS'), null, 4100);
INSERT INTO TEST.RENDELESEK (EMAIL, ISBN, DARABSZAM, ATV_HELYSZIN, RENDELES_IDEJE, ATVETEL_IDEJE, SUBTOTAL) VALUES ('vegbela@mail.hu', 2, 1, '6523 Nagy Város Hosszú utca 7/d', TO_DATE('2020-05-02 18:18:43', 'YYYY-MM-DD HH24:MI:SS'), null, 2999);
INSERT INTO TEST.RENDELESEK (EMAIL, ISBN, DARABSZAM, ATV_HELYSZIN, RENDELES_IDEJE, ATVETEL_IDEJE, SUBTOTAL) VALUES ('vegbela@mail.hu', 1, 1, '6523 Nagy Város Hosszú utca 7/d', TO_DATE('2020-05-02 18:41:35', 'YYYY-MM-DD HH24:MI:SS'), null, 7500);
INSERT INTO TEST.RENDELESEK (EMAIL, ISBN, DARABSZAM, ATV_HELYSZIN, RENDELES_IDEJE, ATVETEL_IDEJE, SUBTOTAL) VALUES ('vegbela@mail.hu', 1, 1, '6523 Nagy Város Hosszú utca 7/d', TO_DATE('2020-05-02 18:40:57', 'YYYY-MM-DD HH24:MI:SS'), null, 7500);
INSERT INTO TEST.RENDELESEK (EMAIL, ISBN, DARABSZAM, ATV_HELYSZIN, RENDELES_IDEJE, ATVETEL_IDEJE, SUBTOTAL) VALUES ('vegbela@mail.hu', 1, 1, '4789 Egyik Város A utca 5/A', TO_DATE('2020-05-02 18:16:52', 'YYYY-MM-DD HH24:MI:SS'), null, 7500);
INSERT INTO TEST.RENDELESEK (EMAIL, ISBN, DARABSZAM, ATV_HELYSZIN, RENDELES_IDEJE, ATVETEL_IDEJE, SUBTOTAL) VALUES ('vegbela@mail.hu', 2, 1, '4789 Egyik Város A utca 5/A', TO_DATE('2020-05-02 18:16:52', 'YYYY-MM-DD HH24:MI:SS'), null, 2999);
INSERT INTO TEST.RENDELESEK (EMAIL, ISBN, DARABSZAM, ATV_HELYSZIN, RENDELES_IDEJE, ATVETEL_IDEJE, SUBTOTAL) VALUES ('kmanci@mail.hu', 1, 1, '8585 Valami város G Utca 85', TO_DATE('2020-05-02 17:51:26', 'YYYY-MM-DD HH24:MI:SS'), null, 7500);
INSERT INTO TEST.RENDELESEK (EMAIL, ISBN, DARABSZAM, ATV_HELYSZIN, RENDELES_IDEJE, ATVETEL_IDEJE, SUBTOTAL) VALUES ('vegbela@mail.hu', 4, 10, '6723 Szeged Kő utca 8', TO_DATE('2020-03-02 17:47:40', 'YYYY-MM-DD HH24:MI:SS'), null, 20400);
INSERT INTO TEST.RENDELESEK (EMAIL, ISBN, DARABSZAM, ATV_HELYSZIN, RENDELES_IDEJE, ATVETEL_IDEJE, SUBTOTAL) VALUES ('vegbela@mail.hu', 14, 1, '6723 Szeged Kő utca 8', TO_DATE('2020-05-02 17:47:40', 'YYYY-MM-DD HH24:MI:SS'), null, 6299);
INSERT INTO TEST.RENDELESEK (EMAIL, ISBN, DARABSZAM, ATV_HELYSZIN, RENDELES_IDEJE, ATVETEL_IDEJE, SUBTOTAL) VALUES ('kmanci@mail.hu', 2, 5, '8585 Valami város G Utca 85', TO_DATE('2020-05-02 17:51:26', 'YYYY-MM-DD HH24:MI:SS'), null, 14995);
INSERT INTO TEST.RENDELESEK (EMAIL, ISBN, DARABSZAM, ATV_HELYSZIN, RENDELES_IDEJE, ATVETEL_IDEJE, SUBTOTAL) VALUES ('kmanci@mail.hu', 4, 1, '8585 Valami város G Utca 85', TO_DATE('2020-05-02 17:51:27', 'YYYY-MM-DD HH24:MI:SS'), null, 2400);
INSERT INTO TEST.RENDELESEK (EMAIL, ISBN, DARABSZAM, ATV_HELYSZIN, RENDELES_IDEJE, ATVETEL_IDEJE, SUBTOTAL) VALUES ('kmanci@mail.hu', 3, 2, '8585 Valami város G Utca 85', TO_DATE('2020-01-02 17:51:27', 'YYYY-MM-DD HH24:MI:SS'), null, 16398);
INSERT INTO TEST.RENDELESEK (EMAIL, ISBN, DARABSZAM, ATV_HELYSZIN, RENDELES_IDEJE, ATVETEL_IDEJE, SUBTOTAL) VALUES ('kmanci@mail.hu', 5, 1, '8585 Valami város G Utca 85', TO_DATE('2020-05-02 17:51:27', 'YYYY-MM-DD HH24:MI:SS'), null, 4550);
INSERT INTO TEST.RENDELESEK (EMAIL, ISBN, DARABSZAM, ATV_HELYSZIN, RENDELES_IDEJE, ATVETEL_IDEJE, SUBTOTAL) VALUES ('kmanci@mail.hu', 6, 2, '8585 Valami város G Utca 85', TO_DATE('2020-05-02 17:51:27', 'YYYY-MM-DD HH24:MI:SS'), null, 8400);
INSERT INTO TEST.RENDELESEK (EMAIL, ISBN, DARABSZAM, ATV_HELYSZIN, RENDELES_IDEJE, ATVETEL_IDEJE, SUBTOTAL) VALUES ('kmanci@mail.hu', 7, 3, '8585 Valami város G Utca 85', TO_DATE('2020-01-24 17:51:27', 'YYYY-MM-DD HH24:MI:SS'), null, 24360);
INSERT INTO TEST.RENDELESEK (EMAIL, ISBN, DARABSZAM, ATV_HELYSZIN, RENDELES_IDEJE, ATVETEL_IDEJE, SUBTOTAL) VALUES ('kmanci@mail.hu', 8, 3, '8585 Valami város G Utca 85', TO_DATE('2020-02-06 17:51:27', 'YYYY-MM-DD HH24:MI:SS'), null, 7680);
INSERT INTO TEST.RENDELESEK (EMAIL, ISBN, DARABSZAM, ATV_HELYSZIN, RENDELES_IDEJE, ATVETEL_IDEJE, SUBTOTAL) VALUES ('kmanci@mail.hu', 9, 1, '8585 Valami város G Utca 85', TO_DATE('2020-05-02 17:51:27', 'YYYY-MM-DD HH24:MI:SS'), null, 1392);
INSERT INTO TEST.RENDELESEK (EMAIL, ISBN, DARABSZAM, ATV_HELYSZIN, RENDELES_IDEJE, ATVETEL_IDEJE, SUBTOTAL) VALUES ('kmanci@mail.hu', 10, 2, '8585 Valami város G Utca 85', TO_DATE('2020-05-02 17:51:27', 'YYYY-MM-DD HH24:MI:SS'), null, 3200);
INSERT INTO TEST.RENDELESEK (EMAIL, ISBN, DARABSZAM, ATV_HELYSZIN, RENDELES_IDEJE, ATVETEL_IDEJE, SUBTOTAL) VALUES ('kmanci@mail.hu', 11, 3, '8585 Valami város G Utca 85', TO_DATE('2020-01-10 17:51:27', 'YYYY-MM-DD HH24:MI:SS'), null, 4230);
INSERT INTO TEST.RENDELESEK (EMAIL, ISBN, DARABSZAM, ATV_HELYSZIN, RENDELES_IDEJE, ATVETEL_IDEJE, SUBTOTAL) VALUES ('kmanci@mail.hu', 12, 4, '8585 Valami város G Utca 85', TO_DATE('2020-02-10 17:51:27', 'YYYY-MM-DD HH24:MI:SS'), null, 16400);
INSERT INTO TEST.RENDELESEK (EMAIL, ISBN, DARABSZAM, ATV_HELYSZIN, RENDELES_IDEJE, ATVETEL_IDEJE, SUBTOTAL) VALUES ('kmanci@mail.hu', 13, 3, '8585 Valami város G Utca 85', TO_DATE('2020-05-02 17:51:27', 'YYYY-MM-DD HH24:MI:SS'), null, 24690);
INSERT INTO TEST.RENDELESEK (EMAIL, ISBN, DARABSZAM, ATV_HELYSZIN, RENDELES_IDEJE, ATVETEL_IDEJE, SUBTOTAL) VALUES ('kmanci@mail.hu', 14, 1, '8585 Valami város G Utca 85', TO_DATE('2020-02-27 17:51:27', 'YYYY-MM-DD HH24:MI:SS'), null, 7410);
INSERT INTO TEST.RENDELESEK (EMAIL, ISBN, DARABSZAM, ATV_HELYSZIN, RENDELES_IDEJE, ATVETEL_IDEJE, SUBTOTAL) VALUES ('kmanci@mail.hu', 15, 5, '8585 Valami város G Utca 85', TO_DATE('2020-01-02 17:51:27', 'YYYY-MM-DD HH24:MI:SS'), null, 47500);
INSERT INTO TEST.RENDELESEK (EMAIL, ISBN, DARABSZAM, ATV_HELYSZIN, RENDELES_IDEJE, ATVETEL_IDEJE, SUBTOTAL) VALUES ('adameva@mail.hu', 28, 1, '3695 Egyik Város Egyik Utca 332', TO_DATE('2020-05-02 17:39:15', 'YYYY-MM-DD HH24:MI:SS'), null, 2500);
INSERT INTO TEST.RENDELESEK (EMAIL, ISBN, DARABSZAM, ATV_HELYSZIN, RENDELES_IDEJE, ATVETEL_IDEJE, SUBTOTAL) VALUES ('adameva@mail.hu', 29, 3, '3695 Egyik Város Egyik Utca 332', TO_DATE('2020-05-02 17:39:15', 'YYYY-MM-DD HH24:MI:SS'), null, 8400);
INSERT INTO TEST.RENDELESEK (EMAIL, ISBN, DARABSZAM, ATV_HELYSZIN, RENDELES_IDEJE, ATVETEL_IDEJE, SUBTOTAL) VALUES ('adameva@mail.hu', 30, 1, '3695 Egyik Város Egyik Utca 332', TO_DATE('2020-05-02 17:39:15', 'YYYY-MM-DD HH24:MI:SS'), null, 2999);
INSERT INTO TEST.RENDELESEK (EMAIL, ISBN, DARABSZAM, ATV_HELYSZIN, RENDELES_IDEJE, ATVETEL_IDEJE, SUBTOTAL) VALUES ('adameva@mail.hu', 31, 2, '3695 Egyik Város Egyik Utca 332', TO_DATE('2020-04-11 00:00:00', 'YYYY-MM-DD HH24:MI:SS'), null, 7980);
INSERT INTO TEST.RENDELESEK (EMAIL, ISBN, DARABSZAM, ATV_HELYSZIN, RENDELES_IDEJE, ATVETEL_IDEJE, SUBTOTAL) VALUES ('adameva@mail.hu', 32, 1, '3695 Egyik Város Egyik Utca 332', TO_DATE('2020-04-11 00:00:00', 'YYYY-MM-DD HH24:MI:SS'), null, 9990);
INSERT INTO TEST.RENDELESEK (EMAIL, ISBN, DARABSZAM, ATV_HELYSZIN, RENDELES_IDEJE, ATVETEL_IDEJE, SUBTOTAL) VALUES ('adameva@mail.hu', 34, 6, '3695 Egyik Város Egyik Utca 332', TO_DATE('2020-03-04 00:00:00', 'YYYY-MM-DD HH24:MI:SS'), null, 65940);
INSERT INTO TEST.RENDELESEK (EMAIL, ISBN, DARABSZAM, ATV_HELYSZIN, RENDELES_IDEJE, ATVETEL_IDEJE, SUBTOTAL) VALUES ('adameva@mail.hu', 35, 3, '3695 Egyik Város Egyik Utca 332', TO_DATE('2020-04-11 00:00:00', 'YYYY-MM-DD HH24:MI:SS'), null, 8160);
INSERT INTO TEST.RENDELESEK (EMAIL, ISBN, DARABSZAM, ATV_HELYSZIN, RENDELES_IDEJE, ATVETEL_IDEJE, SUBTOTAL) VALUES ('adameva@mail.hu', 37, 1, '3695 Egyik Város Egyik Utca 332', TO_DATE('2020-04-11 00:00:00', 'YYYY-MM-DD HH24:MI:SS'), null, 3100);
INSERT INTO TEST.RENDELESEK (EMAIL, ISBN, DARABSZAM, ATV_HELYSZIN, RENDELES_IDEJE, ATVETEL_IDEJE, SUBTOTAL) VALUES ('adameva@mail.hu', 38, 3, '3695 Egyik Város Egyik Utca 332', TO_DATE('2020-02-17 00:00:00', 'YYYY-MM-DD HH24:MI:SS'), null, 26100);
INSERT INTO TEST.RENDELESEK (EMAIL, ISBN, DARABSZAM, ATV_HELYSZIN, RENDELES_IDEJE, ATVETEL_IDEJE, SUBTOTAL) VALUES ('adameva@mail.hu', 39, 1, '3695 Egyik Város Egyik Utca 332', TO_DATE('2020-04-11 00:00:00', 'YYYY-MM-DD HH24:MI:SS'), null, 3250);
INSERT INTO TEST.RENDELESEK (EMAIL, ISBN, DARABSZAM, ATV_HELYSZIN, RENDELES_IDEJE, ATVETEL_IDEJE, SUBTOTAL) VALUES ('adameva@mail.hu', 40, 7, '3695 Egyik Város Egyik Utca 332', TO_DATE('2020-04-11 00:00:00', 'YYYY-MM-DD HH24:MI:SS'), null, 27930);
INSERT INTO TEST.RENDELESEK (EMAIL, ISBN, DARABSZAM, ATV_HELYSZIN, RENDELES_IDEJE, ATVETEL_IDEJE, SUBTOTAL) VALUES ('adameva@mail.hu', 16, 2, '3695 Egyik Város Egyik Utca 332', TO_DATE('2020-02-25 00:00:00', 'YYYY-MM-DD HH24:MI:SS'), null, 2940);
INSERT INTO TEST.RENDELESEK (EMAIL, ISBN, DARABSZAM, ATV_HELYSZIN, RENDELES_IDEJE, ATVETEL_IDEJE, SUBTOTAL) VALUES ('adameva@mail.hu', 18, 4, '3695 Egyik Város Egyik Utca 332', TO_DATE('2020-02-25 00:00:00', 'YYYY-MM-DD HH24:MI:SS'), null, 11960);
INSERT INTO TEST.RENDELESEK (EMAIL, ISBN, DARABSZAM, ATV_HELYSZIN, RENDELES_IDEJE, ATVETEL_IDEJE, SUBTOTAL) VALUES ('adameva@mail.hu', 24, 2, '3695 Egyik Város Egyik Utca 332', TO_DATE('2020-05-02 17:39:15', 'YYYY-MM-DD HH24:MI:SS'), null, 1980);
INSERT INTO TEST.RENDELESEK (EMAIL, ISBN, DARABSZAM, ATV_HELYSZIN, RENDELES_IDEJE, ATVETEL_IDEJE, SUBTOTAL) VALUES ('adameva@mail.hu', 25, 4, '3695 Egyik Város Egyik Utca 332', TO_DATE('2020-05-02 17:39:15', 'YYYY-MM-DD HH24:MI:SS'), null, 1960);
INSERT INTO TEST.RENDELESEK (EMAIL, ISBN, DARABSZAM, ATV_HELYSZIN, RENDELES_IDEJE, ATVETEL_IDEJE, SUBTOTAL) VALUES ('adameva@mail.hu', 33, 4, '3695 Egyik Város Egyik Utca 332', TO_DATE('2020-04-11 00:00:00', 'YYYY-MM-DD HH24:MI:SS'), null, 9600);
INSERT INTO TEST.RENDELESEK (EMAIL, ISBN, DARABSZAM, ATV_HELYSZIN, RENDELES_IDEJE, ATVETEL_IDEJE, SUBTOTAL) VALUES ('adameva@mail.hu', 36, 10, '3695 Egyik Város Egyik Utca 332', TO_DATE('2020-04-11 00:00:00', 'YYYY-MM-DD HH24:MI:SS'), null, 16000);
INSERT INTO TEST.RENDELESEK (EMAIL, ISBN, DARABSZAM, ATV_HELYSZIN, RENDELES_IDEJE, ATVETEL_IDEJE, SUBTOTAL) VALUES ('adameva@mail.hu', 20, 3, '3695 Egyik Város Egyik Utca 332', TO_DATE('2020-05-02 17:39:37', 'YYYY-MM-DD HH24:MI:SS'), null, 15600);
INSERT INTO TEST.RENDELESEK (EMAIL, ISBN, DARABSZAM, ATV_HELYSZIN, RENDELES_IDEJE, ATVETEL_IDEJE, SUBTOTAL) VALUES ('adameva@mail.hu', 19, 1, '3695 Egyik Város Egyik Utca 332', TO_DATE('2020-02-25 00:00:00', 'YYYY-MM-DD HH24:MI:SS'), null, 3200);
INSERT INTO TEST.RENDELESEK (EMAIL, ISBN, DARABSZAM, ATV_HELYSZIN, RENDELES_IDEJE, ATVETEL_IDEJE, SUBTOTAL) VALUES ('adameva@mail.hu', 17, 1, '3695 Egyik Város Egyik Utca 332', TO_DATE('2020-02-25 00:00:00', 'YYYY-MM-DD HH24:MI:SS'), null, 5500);
INSERT INTO TEST.RENDELESEK (EMAIL, ISBN, DARABSZAM, ATV_HELYSZIN, RENDELES_IDEJE, ATVETEL_IDEJE, SUBTOTAL) VALUES ('nagyilona@mail.hu', 33, 10, '2569 Alsóbögyörős B utca 2', TO_DATE('2020-01-25 00:00:00', 'YYYY-MM-DD HH24:MI:SS'), null, 20400);
INSERT INTO TEST.RENDELESEK (EMAIL, ISBN, DARABSZAM, ATV_HELYSZIN, RENDELES_IDEJE, ATVETEL_IDEJE, SUBTOTAL) VALUES ('adameva@mail.hu', 26, 2, '3695 Egyik Város Egyik Utca 332', TO_DATE('2020-05-02 17:39:15', 'YYYY-MM-DD HH24:MI:SS'), null, 4980);
INSERT INTO TEST.RENDELESEK (EMAIL, ISBN, DARABSZAM, ATV_HELYSZIN, RENDELES_IDEJE, ATVETEL_IDEJE, SUBTOTAL) VALUES ('adameva@mail.hu', 27, 3, '3695 Egyik Város Egyik Utca 332', TO_DATE('2020-05-02 17:39:15', 'YYYY-MM-DD HH24:MI:SS'), null, 8250);
INSERT INTO TEST.RENDELESEK (EMAIL, ISBN, DARABSZAM, ATV_HELYSZIN, RENDELES_IDEJE, ATVETEL_IDEJE, SUBTOTAL) VALUES ('nagyilona@mail.hu', 24, 10, '2569 Alsóbögyörős B utca 2', TO_DATE('2020-01-25 00:00:00', 'YYYY-MM-DD HH24:MI:SS'), null, 8415);
INSERT INTO TEST.RENDELESEK (EMAIL, ISBN, DARABSZAM, ATV_HELYSZIN, RENDELES_IDEJE, ATVETEL_IDEJE, SUBTOTAL) VALUES ('sanyika@mail.hu', 36, 1, '6723 Szeged Kő utca 8', TO_DATE('2020-01-17 00:00:00', 'YYYY-MM-DD HH24:MI:SS'), null, 1600);
INSERT INTO TEST.RENDELESEK (EMAIL, ISBN, DARABSZAM, ATV_HELYSZIN, RENDELES_IDEJE, ATVETEL_IDEJE, SUBTOTAL) VALUES ('sanyika@mail.hu', 16, 1, '6723 Szeged Kő utca 8', TO_DATE('2020-01-17 00:00:00', 'YYYY-MM-DD HH24:MI:SS'), null, 1470);
INSERT INTO TEST.RENDELESEK (EMAIL, ISBN, DARABSZAM, ATV_HELYSZIN, RENDELES_IDEJE, ATVETEL_IDEJE, SUBTOTAL) VALUES ('sanyika@mail.hu', 25, 1, '6723 Szeged Kő utca 8', TO_DATE('2020-01-17 00:00:00', 'YYYY-MM-DD HH24:MI:SS'), null, 490);
INSERT INTO TEST.RENDELESEK (EMAIL, ISBN, DARABSZAM, ATV_HELYSZIN, RENDELES_IDEJE, ATVETEL_IDEJE, SUBTOTAL) VALUES ('jozsijozsi@mail.hu', 28, 1, '4789 Egyik Város A utca 5/A', TO_DATE('2020-05-02 18:04:09', 'YYYY-MM-DD HH24:MI:SS'), null, 2500);
INSERT INTO TEST.RENDELESEK (EMAIL, ISBN, DARABSZAM, ATV_HELYSZIN, RENDELES_IDEJE, ATVETEL_IDEJE, SUBTOTAL) VALUES ('jozsijozsi@mail.hu', 23, 1, '4789 Egyik Város A utca 5/A', TO_DATE('2020-05-02 18:04:09', 'YYYY-MM-DD HH24:MI:SS'), null, 1999);
INSERT INTO TEST.RENDELESEK (EMAIL, ISBN, DARABSZAM, ATV_HELYSZIN, RENDELES_IDEJE, ATVETEL_IDEJE, SUBTOTAL) VALUES ('jozsijozsi@mail.hu', 18, 1, '4789 Egyik Város A utca 5/A', TO_DATE('2020-05-02 18:04:09', 'YYYY-MM-DD HH24:MI:SS'), null, 2990);
INSERT INTO TEST.RENDELESEK (EMAIL, ISBN, DARABSZAM, ATV_HELYSZIN, RENDELES_IDEJE, ATVETEL_IDEJE, SUBTOTAL) VALUES ('jozsijozsi@mail.hu', 35, 1, '4789 Egyik Város A utca 5/A', TO_DATE('2020-05-02 18:04:09', 'YYYY-MM-DD HH24:MI:SS'), null, 2720);
INSERT INTO TEST.RENDELESEK (EMAIL, ISBN, DARABSZAM, ATV_HELYSZIN, RENDELES_IDEJE, ATVETEL_IDEJE, SUBTOTAL) VALUES ('jozsijozsi@mail.hu', 30, 1, '4789 Egyik Város A utca 5/A', TO_DATE('2020-05-02 18:04:09', 'YYYY-MM-DD HH24:MI:SS'), null, 2999);

INSERT INTO TEST.SOROZAT (NEV, ISBN) VALUES ('Kreatív Horror', 5);
INSERT INTO TEST.SOROZAT (NEV, ISBN) VALUES ('Kreatív Horror', 6);
INSERT INTO TEST.SOROZAT (NEV, ISBN) VALUES ('Matematika', 9);
INSERT INTO TEST.SOROZAT (NEV, ISBN) VALUES ('Matematika', 10);
INSERT INTO TEST.SOROZAT (NEV, ISBN) VALUES ('Szerelem az életem', 31);
INSERT INTO TEST.SOROZAT (NEV, ISBN) VALUES ('Szerelem az életem', 39);
INSERT INTO TEST.SOROZAT (NEV, ISBN) VALUES ('Vallási Tanok Sorozat', 20);
INSERT INTO TEST.SOROZAT (NEV, ISBN) VALUES ('Vallási Tanok Sorozat', 26);
INSERT INTO TEST.SOROZAT (NEV, ISBN) VALUES ('Vallási Tanok Sorozat', 34);
INSERT INTO TEST.SOROZAT (NEV, ISBN) VALUES ('Érdekes Történelem', 18);
INSERT INTO TEST.SOROZAT (NEV, ISBN) VALUES ('Érdekes Történelem', 23);
INSERT INTO TEST.SOROZAT (NEV, ISBN) VALUES ('Érdekes Történelem', 30);
INSERT INTO TEST.SOROZAT (NEV, ISBN) VALUES ('Érdekes Történelem', 35);
